-- MySQL Administrator dump 1.4
--
-- ------------------------------------------------------
-- Server version	5.1.41


/*!40101 SET @OLD_CHARACTER_SET_CLIENT=@@CHARACTER_SET_CLIENT */;
/*!40101 SET @OLD_CHARACTER_SET_RESULTS=@@CHARACTER_SET_RESULTS */;
/*!40101 SET @OLD_COLLATION_CONNECTION=@@COLLATION_CONNECTION */;
/*!40101 SET NAMES utf8 */;

/*!40014 SET @OLD_UNIQUE_CHECKS=@@UNIQUE_CHECKS, UNIQUE_CHECKS=0 */;
/*!40014 SET @OLD_FOREIGN_KEY_CHECKS=@@FOREIGN_KEY_CHECKS, FOREIGN_KEY_CHECKS=0 */;
/*!40101 SET @OLD_SQL_MODE=@@SQL_MODE, SQL_MODE='NO_AUTO_VALUE_ON_ZERO' */;


--
-- Create schema exercises
--

CREATE DATABASE IF NOT EXISTS exercises;
USE exercises;

--
-- Definition of table `checkup`
--

DROP TABLE IF EXISTS `checkup`;
CREATE TABLE `checkup` (
  `checkup_id` int(11) NOT NULL AUTO_INCREMENT,
  `date` datetime NOT NULL,
  `weight` double NOT NULL,
  `height` double NOT NULL,
  `biceps_circumference` double NOT NULL,
  `img_front` longtext NOT NULL,
  `img_side` longtext NOT NULL,
  `waist_circumference` longtext NOT NULL,
  PRIMARY KEY (`checkup_id`) USING BTREE
) ENGINE=InnoDB DEFAULT CHARSET=latin1;

--
-- Dumping data for table `checkup`
--

/*!40000 ALTER TABLE `checkup` DISABLE KEYS */;
/*!40000 ALTER TABLE `checkup` ENABLE KEYS */;


--
-- Definition of table `workout`
--

DROP TABLE IF EXISTS `workout`;
CREATE TABLE `workout` (
  `workout_id` int(10) unsigned NOT NULL AUTO_INCREMENT,
  `date` datetime NOT NULL,
  `calories_burned` int(10) unsigned NOT NULL,
  `elapsed_time` time NOT NULL,
  `hr_max` int(10) unsigned NOT NULL,
  `hr_avg` int(10) unsigned NOT NULL,
  `fat_loss` decimal(10,3) NOT NULL,
  PRIMARY KEY (`workout_id`) USING BTREE
) ENGINE=InnoDB AUTO_INCREMENT=38 DEFAULT CHARSET=latin1;

--
-- Dumping data for table `workout`
--

/*!40000 ALTER TABLE `workout` DISABLE KEYS */;
INSERT INTO `workout` (`workout_id`,`date`,`calories_burned`,`elapsed_time`,`hr_max`,`hr_avg`,`fat_loss`) VALUES 
 (1,'2011-11-22 12:00:00',997,'01:10:00',0,0,'0.000'),
 (2,'2011-11-23 12:00:00',1000,'01:10:00',0,0,'0.000'),
 (3,'2011-11-24 12:00:00',0,'01:10:00',0,0,'0.000'),
 (4,'2011-11-26 14:00:00',0,'01:50:00',0,0,'0.000'),
 (5,'2011-11-28 11:50:00',0,'01:35:00',0,0,'0.000'),
 (6,'2011-11-29 11:30:00',0,'01:45:00',0,0,'0.000'),
 (7,'2011-11-30 13:50:00',0,'01:25:00',0,0,'0.000'),
 (8,'2011-12-01 12:30:00',0,'01:45:00',0,0,'0.000'),
 (9,'2011-12-02 11:50:00',0,'01:45:00',0,0,'0.000'),
 (10,'2011-12-13 11:30:10',0,'00:50:00',0,0,'0.000'),
 (11,'2011-12-19 12:30:00',1080,'01:30:00',179,129,'0.140'),
 (12,'2011-12-20 12:10:00',1188,'01:20:00',180,151,'0.150'),
 (18,'2011-12-21 13:00:00',1221,'01:40:00',177,125,'0.158'),
 (20,'2011-12-23 13:00:00',1245,'01:45:00',176,120,'0.161'),
 (21,'2011-12-27 15:00:00',0,'01:50:00',0,0,'0.000'),
 (22,'2011-12-28 14:00:00',1537,'01:45:00',177,147,'0.199'),
 (23,'2011-12-29 16:00:00',1106,'01:27:00',180,130,'0.143'),
 (24,'2011-12-30 16:00:00',383,'00:26:00',220,150,'0.049'),
 (25,'2012-01-02 16:00:00',1063,'01:24:00',178,128,'0.137'),
 (26,'2012-01-06 12:30:40',974,'01:25:00',220,120,'0.126'),
 (28,'2012-01-07 16:15:00',704,'01:00:00',182,145,'0.091'),
 (29,'2012-01-08 15:00:00',0,'01:45:00',0,0,'0.000'),
 (30,'2012-01-09 12:00:00',1097,'01:36:00',220,117,'0.142'),
 (31,'2012-01-13 13:10:00',437,'00:29:00',193,155,'0.056'),
 (32,'2012-01-14 15:15:40',1238,'01:45:00',171,118,'0.155'),
 (33,'2012-01-15 15:30:00',1539,'01:50:00',172,142,'0.189'),
 (34,'2012-01-17 12:00:00',868,'01:18:00',168,114,'0.112'),
 (35,'2012-01-18 12:00:00',542,'00:40:00',178,138,'0.070'),
 (36,'2012-01-19 12:00:00',1096,'01:36:00',212,117,'0.142'),
 (37,'2012-01-20 13:00:00',650,'00:50:00',220,144,'0.084');
/*!40000 ALTER TABLE `workout` ENABLE KEYS */;


--
-- Definition of table `workout_exercise`
--

DROP TABLE IF EXISTS `workout_exercise`;
CREATE TABLE `workout_exercise` (
  `exercise_id` int(10) unsigned NOT NULL AUTO_INCREMENT,
  `workout_id` int(10) unsigned NOT NULL DEFAULT '0',
  `type_id` int(10) unsigned NOT NULL DEFAULT '0',
  `order` int(10) unsigned NOT NULL DEFAULT '0',
  `elapsed_time` time DEFAULT '00:00:00',
  `speed` decimal(10,3) DEFAULT '0.000',
  `angle` decimal(10,2) DEFAULT '0.00',
  `level` int(10) unsigned DEFAULT '0',
  `lifting_series_1_count` int(10) unsigned DEFAULT '0',
  `lifting_series_1_break` time DEFAULT '00:00:00',
  `lifting_series_2_count` int(10) unsigned DEFAULT '0',
  `lifting_series_2_break` time DEFAULT '00:00:00',
  `lifting_series_3_count` int(10) unsigned DEFAULT '0',
  `lifting_series_3_break` time DEFAULT '00:00:00',
  `lifting_series_4_count` int(10) unsigned DEFAULT '0',
  `lifting_series_4_break` time DEFAULT '00:00:00',
  `lifting_series_5_count` int(10) unsigned DEFAULT '0',
  `lifting_series_5_break` time DEFAULT '00:00:00',
  `lifting_series_6_count` int(10) unsigned DEFAULT '0',
  `lifting_series_6_break` time DEFAULT '00:00:00',
  `distance` decimal(10,3) DEFAULT '0.000',
  `lifting_series_1_weight` decimal(10,3) DEFAULT '0.000',
  `lifting_series_2_weight` decimal(10,3) DEFAULT '0.000',
  `lifting_series_3_weight` decimal(10,3) DEFAULT '0.000',
  `lifting_series_4_weight` decimal(10,3) DEFAULT '0.000',
  `lifting_series_5_weight` decimal(10,3) DEFAULT '0.000',
  `lifting_series_6_weight` decimal(10,3) DEFAULT '0.000',
  `hiit_speed_low` decimal(10,3) DEFAULT '0.000',
  `hiit_speed_high` decimal(10,3) DEFAULT '0.000',
  `hiit_time_low` time DEFAULT '00:00:00',
  `hiit_time_high` time DEFAULT '00:00:00',
  `hiit_warmup_time` time DEFAULT '00:00:00',
  `hiit_interval_count` int(10) unsigned DEFAULT '0',
  `avg_rpm` decimal(10,2) DEFAULT '0.00',
  `exercise_calories_burned` int(10) unsigned DEFAULT '0',
  PRIMARY KEY (`exercise_id`) USING BTREE
) ENGINE=InnoDB AUTO_INCREMENT=256 DEFAULT CHARSET=latin1;

--
-- Dumping data for table `workout_exercise`
--

/*!40000 ALTER TABLE `workout_exercise` DISABLE KEYS */;
INSERT INTO `workout_exercise` (`exercise_id`,`workout_id`,`type_id`,`order`,`elapsed_time`,`speed`,`angle`,`level`,`lifting_series_1_count`,`lifting_series_1_break`,`lifting_series_2_count`,`lifting_series_2_break`,`lifting_series_3_count`,`lifting_series_3_break`,`lifting_series_4_count`,`lifting_series_4_break`,`lifting_series_5_count`,`lifting_series_5_break`,`lifting_series_6_count`,`lifting_series_6_break`,`distance`,`lifting_series_1_weight`,`lifting_series_2_weight`,`lifting_series_3_weight`,`lifting_series_4_weight`,`lifting_series_5_weight`,`lifting_series_6_weight`,`hiit_speed_low`,`hiit_speed_high`,`hiit_time_low`,`hiit_time_high`,`hiit_warmup_time`,`hiit_interval_count`,`avg_rpm`,`exercise_calories_burned`) VALUES 
 (1,2,1,0,'00:06:45','13.000','0.00',0,0,'00:00:00',0,'00:00:00',0,'00:00:00',0,'00:00:00',0,'00:00:00',0,'00:00:00','0.000','0.000','0.000','0.000','0.000','0.000','0.000','0.000','0.000','00:00:00','00:00:00',NULL,0,'0.00',0),
 (2,2,1,98,'00:12:00','10.000','0.00',0,0,'00:00:00',0,'00:00:00',0,'00:00:00',0,'00:00:00',0,'00:00:00',0,'00:00:00','0.000','0.000','0.000','0.000','0.000','0.000','0.000','0.000','0.000','00:00:00','00:00:00',NULL,0,'0.00',0),
 (3,2,2,99,'00:13:00','8.000','0.00',13,0,'00:00:00',0,'00:00:00',0,'00:00:00',0,'00:00:00',0,'00:00:00',0,'00:00:00','0.000','0.000','0.000','0.000','0.000','0.000','0.000','0.000','0.000','00:00:00','00:00:00',NULL,0,'0.00',0),
 (4,1,1,0,'00:06:30','13.000','0.00',0,0,'00:00:00',0,'00:00:00',0,'00:00:00',0,'00:00:00',0,'00:00:00',0,'00:00:00','0.000','0.000','0.000','0.000','0.000','0.000','0.000','0.000','0.000','00:00:00','00:00:00',NULL,0,'0.00',0),
 (5,1,1,98,'00:12:00','10.000','0.00',0,0,'00:00:00',0,'00:00:00',0,'00:00:00',0,'00:00:00',0,'00:00:00',0,'00:00:00','0.000','0.000','0.000','0.000','0.000','0.000','0.000','0.000','0.000','00:00:00','00:00:00',NULL,0,'0.00',0),
 (6,1,2,99,'00:18:00','8.000','0.00',14,0,'00:00:00',0,'00:00:00',0,'00:00:00',0,'00:00:00',0,'00:00:00',0,'00:00:00','0.000','0.000','0.000','0.000','0.000','0.000','0.000','0.000','0.000','00:00:00','00:00:00',NULL,0,'0.00',0),
 (7,1,3,1,'00:00:00','0.000','0.00',0,12,'00:00:30',10,'00:00:30',9,'00:00:30',7,'00:00:00',0,'00:00:00',0,'00:00:00','0.000','50.000','50.000','50.000','50.000','50.000','50.000','0.000','0.000','00:00:00','00:00:00',NULL,0,'0.00',0),
 (8,1,7,2,'00:00:00','0.000','0.00',0,20,'00:00:30',18,'00:00:30',12,'00:00:00',0,'00:00:00',0,'00:00:00',0,'00:00:00','0.000','30.000','30.000','30.000','30.000','30.000','30.000','0.000','0.000','00:00:00','00:00:00',NULL,0,'0.00',0),
 (9,1,5,3,'00:00:00','0.000','0.00',0,10,'00:00:30',9,'00:00:30',8,'00:00:30',7,'00:00:00',0,'00:00:00',0,'00:00:00','0.000','50.000','50.000','50.000','50.000','50.000','50.000','0.000','0.000','00:00:00','00:00:00',NULL,0,'0.00',0),
 (10,1,9,4,'00:00:00','0.000','0.00',0,18,'00:01:00',12,'00:01:00',11,'00:00:00',0,'00:00:00',0,'00:00:00',0,'00:00:00','0.000','5.000','5.000','5.000','5.000','5.000','5.000','0.000','0.000','00:00:00','00:00:00',NULL,0,'0.00',0),
 (11,1,4,5,'00:00:00','0.000','0.00',0,8,'00:01:00',7,'00:01:00',7,'00:01:00',6,'00:00:00',0,'00:00:00',0,'00:00:00','0.000','40.000','40.000','40.000','40.000','40.000','40.000','0.000','0.000','00:00:00','00:00:00',NULL,0,'0.00',0),
 (12,1,6,6,'00:00:00','0.000','0.00',0,12,'00:01:00',11,'00:01:00',11,'00:01:00',10,'00:00:00',0,'00:00:00',0,'00:00:00','0.000','50.000','50.000','50.000','50.000','50.000','50.000','0.000','0.000','00:00:00','00:00:00',NULL,0,'0.00',0),
 (13,2,10,1,'00:00:00','0.000','0.00',0,12,'00:00:30',11,'00:00:30',11,'00:00:30',10,'00:00:00',0,'00:00:00',0,'00:00:00','0.000','6.000','6.000','6.000','6.000','6.000','6.000','0.000','0.000','00:00:00','00:00:00',NULL,0,'0.00',0),
 (14,2,11,2,'00:00:00','0.000','0.00',0,12,'00:00:30',11,'00:00:30',11,'00:00:30',10,'00:00:00',0,'00:00:00',0,'00:00:00','0.000','6.000','6.000','6.000','6.000','6.000','6.000','0.000','0.000','00:00:00','00:00:00',NULL,0,'0.00',0),
 (15,2,12,3,'00:00:00','0.000','0.00',0,12,'00:00:30',12,'00:00:30',12,'00:00:30',12,'00:00:00',0,'00:00:00',0,'00:00:00','0.000','6.000','6.000','6.000','6.000','6.000','6.000','0.000','0.000','00:00:00','00:00:00',NULL,0,'0.00',0),
 (16,2,13,4,'00:00:00','0.000','0.00',0,12,'00:01:00',11,'00:01:00',11,'00:01:00',11,'00:00:00',0,'00:00:00',0,'00:00:00','0.000','6.000','6.000','6.000','6.000','6.000','6.000','0.000','0.000','00:00:00','00:00:00',NULL,0,'0.00',0),
 (17,2,14,5,'00:00:00','0.000','0.00',0,12,'00:01:00',9,'00:00:00',0,'00:00:00',0,'00:00:00',0,'00:00:00',0,'00:00:00','0.000','6.000','6.000','6.000','6.000','6.000','6.000','0.000','0.000','00:00:00','00:00:00',NULL,0,'0.00',0),
 (18,2,17,6,'00:00:00','0.000','0.00',0,10,'00:01:00',8,'00:01:00',7,'00:01:00',6,'00:00:00',0,'00:00:00',0,'00:00:00','0.000','20.000','20.000','20.000','20.000','20.000','20.000','0.000','0.000','00:00:00','00:00:00',NULL,0,'0.00',0),
 (19,3,1,0,'00:06:45','13.000','0.00',0,0,'00:00:00',0,'00:00:00',0,'00:00:00',0,'00:00:00',0,'00:00:00',0,'00:00:00','0.000','0.000','0.000','0.000','0.000','0.000','0.000','0.000','0.000','00:00:00','00:00:00',NULL,0,'0.00',0),
 (20,3,1,98,'00:12:00','10.000','0.00',0,0,'00:00:00',0,'00:00:00',0,'00:00:00',0,'00:00:00',0,'00:00:00',0,'00:00:00','0.000','0.000','0.000','0.000','0.000','0.000','0.000','0.000','0.000','00:00:00','00:00:00',NULL,0,'0.00',0),
 (21,3,2,99,'00:15:00','8.000','0.00',14,0,'00:00:00',0,'00:00:00',0,'00:00:00',0,'00:00:00',0,'00:00:00',0,'00:00:00','0.000','0.000','0.000','0.000','0.000','0.000','0.000','0.000','0.000','00:00:00','00:00:00',NULL,0,'0.00',0),
 (22,3,18,1,'00:00:00','0.000','0.00',0,12,'00:00:45',12,'00:00:45',12,'00:00:45',12,'00:00:00',0,'00:00:00',0,'00:00:00','0.000','25.000','25.000','25.000','25.000','25.000','25.000','0.000','0.000','00:00:00','00:00:00',NULL,0,'0.00',0),
 (23,3,19,2,'00:00:00','0.000','0.00',0,12,'00:00:45',12,'00:00:45',12,'00:00:45',12,'00:00:00',0,'00:00:00',0,'00:00:00','0.000','25.000','25.000','25.000','25.000','25.000','25.000','0.000','0.000','00:00:00','00:00:00',NULL,0,'0.00',0),
 (24,3,28,3,'00:00:00','0.000','0.00',0,12,'00:00:45',12,'00:00:45',12,'00:00:45',12,'00:00:00',0,'00:00:00',0,'00:00:00','0.000','110.000','110.000','110.000','110.000','110.000','110.000','0.000','0.000','00:00:00','00:00:00',NULL,0,'0.00',0),
 (25,3,22,4,'00:00:00','0.000','0.00',0,12,'00:00:45',12,'00:00:45',12,'00:00:45',12,'00:00:00',0,'00:00:00',0,'00:00:00','0.000','80.000','80.000','80.000','80.000','80.000','80.000','0.000','0.000','00:00:00','00:00:00',NULL,0,'0.00',0),
 (26,3,23,5,'00:00:00','0.000','0.00',0,12,'00:00:45',12,'00:00:45',12,'00:00:45',12,'00:00:00',0,'00:00:00',0,'00:00:00','0.000','80.000','80.000','80.000','80.000','80.000','80.000','0.000','0.000','00:00:00','00:00:00',NULL,0,'0.00',0),
 (27,3,21,6,'00:00:00','0.000','0.00',0,12,'00:01:00',8,'00:00:00',0,'00:00:00',0,'00:00:00',0,'00:00:00',0,'00:00:00','0.000','65.000','65.000','65.000','65.000','65.000','65.000','0.000','0.000','00:00:00','00:00:00',NULL,0,'0.00',0),
 (28,4,1,0,'00:06:45','13.000','0.00',0,0,'00:00:00',0,'00:00:00',0,'00:00:00',0,'00:00:00',0,'00:00:00',0,'00:00:00','0.000','0.000','0.000','0.000','0.000','0.000','0.000','0.000','0.000','00:00:00','00:00:00',NULL,0,'0.00',0),
 (29,4,1,98,'00:12:00','10.000','0.00',0,0,'00:00:00',0,'00:00:00',0,'00:00:00',0,'00:00:00',0,'00:00:00',0,'00:00:00','0.000','0.000','0.000','0.000','0.000','0.000','0.000','0.000','0.000','00:00:00','00:00:00',NULL,0,'0.00',0),
 (30,4,2,99,'00:18:00','8.000','0.00',14,0,'00:00:00',0,'00:00:00',0,'00:00:00',0,'00:00:00',0,'00:00:00',0,'00:00:00','0.000','0.000','0.000','0.000','0.000','0.000','0.000','0.000','0.000','00:00:00','00:00:00',NULL,0,'0.00',0),
 (31,4,24,1,'00:25:00','0.000','0.00',0,0,'00:00:00',0,'00:00:00',0,'00:00:00',0,'00:00:00',0,'00:00:00',0,'00:00:00','0.000','0.000','0.000','0.000','0.000','0.000','0.000','0.000','0.000','00:00:00','00:00:00',NULL,0,'0.00',0),
 (32,4,25,3,'00:00:00','0.000','0.00',0,12,'00:00:45',12,'00:00:45',12,'00:00:45',12,'00:00:00',0,'00:00:00',0,'00:00:00','0.000','25.000','25.000','25.000','25.000','25.000','25.000','0.000','0.000','00:00:00','00:00:00',NULL,0,'0.00',0),
 (33,4,26,4,'00:00:00','0.000','0.00',0,12,'00:00:45',12,'00:00:45',12,'00:00:45',12,'00:00:00',0,'00:00:00',0,'00:00:00','0.000','25.000','25.000','25.000','25.000','25.000','25.000','0.000','0.000','00:00:00','00:00:00',NULL,0,'0.00',0),
 (34,4,27,2,'00:00:00','0.000','0.00',0,12,'00:01:00',11,'00:01:00',10,'00:01:00',8,'00:00:00',0,'00:00:00',0,'00:00:00','0.000','60.000','60.000','60.000','60.000','60.000','60.000','0.000','0.000','00:00:00','00:00:00',NULL,0,'0.00',0),
 (35,4,24,5,'00:20:00','0.000','0.00',0,0,'00:00:00',0,'00:00:00',0,'00:00:00',0,'00:00:00',0,'00:00:00',0,'00:00:00','0.000','0.000','0.000','0.000','0.000','0.000','0.000','0.000','0.000','00:00:00','00:00:00',NULL,0,'0.00',0),
 (36,5,1,0,'00:07:00','0.000','0.00',0,0,'00:00:00',0,'00:00:00',0,'00:00:00',0,'00:00:00',0,'00:00:00',0,'00:00:00','1.500','0.000','0.000','0.000','0.000','0.000','0.000','0.000','0.000','00:00:00','00:00:00',NULL,0,'0.00',0),
 (37,5,1,98,'00:12:00','0.000','0.00',0,0,'00:00:00',0,'00:00:00',0,'00:00:00',0,'00:00:00',0,'00:00:00',0,'00:00:00','2.000','0.000','0.000','0.000','0.000','0.000','0.000','0.000','0.000','00:00:00','00:00:00',NULL,0,'0.00',0),
 (38,5,2,99,'00:18:00','0.000','0.00',0,0,'00:00:00',0,'00:00:00',0,'00:00:00',0,'00:00:00',0,'00:00:00',0,'00:00:00','2.200','0.000','0.000','0.000','0.000','0.000','0.000','0.000','0.000','00:00:00','00:00:00',NULL,0,'0.00',0),
 (39,5,24,1,'00:20:00','0.000','0.00',0,0,'00:00:00',0,'00:00:00',0,'00:00:00',0,'00:00:00',0,'00:00:00',0,'00:00:00','0.000','0.000','0.000','0.000','0.000','0.000','0.000','0.000','0.000','00:00:00','00:00:00',NULL,0,'0.00',0),
 (40,5,5,2,'00:00:00','0.000','0.00',0,12,'00:00:45',11,'00:00:45',11,'00:00:45',10,'00:00:00',0,'00:00:00',0,'00:00:00','0.000','25.000','25.000','25.000','25.000','25.000','25.000','0.000','0.000','00:00:00','00:00:00',NULL,0,'0.00',0),
 (41,5,4,3,'00:00:00','0.000','0.00',0,10,'00:00:45',9,'00:00:45',8,'00:00:45',7,'00:00:00',0,'00:00:00',0,'00:00:00','0.000','20.000','20.000','20.000','20.000','20.000','20.000','0.000','0.000','00:00:00','00:00:00',NULL,0,'0.00',0),
 (42,5,6,4,'00:00:00','0.000','0.00',0,10,'00:00:45',8,'00:00:45',8,'00:00:45',7,'00:00:00',0,'00:00:00',0,'00:00:00','0.000','50.000','50.000','50.000','50.000','50.000','50.000','0.000','0.000','00:00:00','00:00:00',NULL,0,'0.00',0),
 (43,5,7,5,'00:00:00','0.000','0.00',0,20,'00:00:45',20,'00:00:45',28,'00:00:00',0,'00:00:00',0,'00:00:00',0,'00:00:00','0.000','30.000','30.000','30.000','30.000','30.000','30.000','0.000','0.000','00:00:00','00:00:00',NULL,0,'0.00',0),
 (44,5,9,6,'00:00:00','0.000','0.00',0,18,'00:01:00',15,'00:01:00',16,'00:00:00',0,'00:00:00',0,'00:00:00',0,'00:00:00','0.000','5.000','5.000','5.000','5.000','5.000','5.000','0.000','0.000','00:00:00','00:00:00',NULL,0,'0.00',0),
 (45,5,3,7,'00:00:00','0.000','0.00',0,8,'00:00:45',7,'00:01:00',6,'00:01:00',5,'00:00:00',0,'00:00:00',0,'00:00:00','0.000','25.000','25.000','25.000','25.000','25.000','25.000','0.000','0.000','00:00:00','00:00:00',NULL,0,'0.00',0),
 (46,6,1,0,'00:07:00','13.000','0.00',0,0,'00:00:00',0,'00:00:00',0,'00:00:00',0,'00:00:00',0,'00:00:00',0,'00:00:00','1.500','0.000','0.000','0.000','0.000','0.000','0.000','0.000','0.000','00:00:00','00:00:00',NULL,0,'0.00',0),
 (47,6,24,1,'00:10:00','0.000','0.00',0,0,'00:00:00',0,'00:00:00',0,'00:00:00',0,'00:00:00',0,'00:00:00',0,'00:00:00','0.000','0.000','0.000','0.000','0.000','0.000','0.000','0.000','0.000','00:00:00','00:00:00',NULL,0,'0.00',0),
 (48,6,1,97,'00:13:00','10.000','0.00',0,0,'00:00:00',0,'00:00:00',0,'00:00:00',0,'00:00:00',0,'00:00:00',0,'00:00:00','2.150','0.000','0.000','0.000','0.000','0.000','0.000','0.000','0.000','00:00:00','00:00:00',NULL,0,'0.00',0),
 (49,6,2,98,'00:17:00','8.000','0.00',14,0,'00:00:00',0,'00:00:00',0,'00:00:00',0,'00:00:00',0,'00:00:00',0,'00:00:00','2.000','0.000','0.000','0.000','0.000','0.000','0.000','0.000','0.000','00:00:00','00:00:00',NULL,0,'0.00',0),
 (50,6,24,99,'00:20:00','0.000','0.00',0,0,'00:00:00',0,'00:00:00',0,'00:00:00',0,'00:00:00',0,'00:00:00',0,'00:00:00','0.000','0.000','0.000','0.000','0.000','0.000','0.000','0.000','0.000','00:00:00','00:00:00',NULL,0,'0.00',0),
 (51,6,10,1,'00:00:00','0.000','0.00',0,12,'00:00:45',12,'00:00:45',12,'00:00:45',12,'00:00:00',0,'00:00:00',0,'00:00:00','0.000','6.000','6.000','6.000','6.000','6.000','6.000','0.000','0.000','00:00:00','00:00:00',NULL,0,'0.00',0),
 (52,6,11,2,'00:00:00','0.000','0.00',0,12,'00:00:45',12,'00:00:45',12,'00:00:45',12,'00:00:00',0,'00:00:00',0,'00:00:00','0.000','6.000','6.000','6.000','6.000','6.000','6.000','0.000','0.000','00:00:00','00:00:00',NULL,0,'0.00',0),
 (53,6,13,3,'00:00:00','0.000','0.00',0,12,'00:00:45',12,'00:00:45',12,'00:00:45',12,'00:00:00',0,'00:00:00',0,'00:00:00','0.000','6.000','6.000','6.000','6.000','6.000','6.000','0.000','0.000','00:00:00','00:00:00',NULL,0,'0.00',0),
 (54,6,15,4,'00:00:00','0.000','0.00',0,10,'00:00:45',8,'00:00:45',8,'00:00:45',7,'00:00:00',0,'00:00:00',0,'00:00:00','0.000','10.000','10.000','10.000','10.000','10.000','10.000','0.000','0.000','00:00:00','00:00:00',NULL,0,'0.00',0),
 (55,6,16,5,'00:00:00','0.000','0.00',0,12,'00:00:30',12,'00:00:30',12,'00:00:45',12,'00:00:00',0,'00:00:00',0,'00:00:00','0.000','8.000','8.000','8.000','8.000','8.000','8.000','0.000','0.000','00:00:00','00:00:00',NULL,0,'0.00',0),
 (56,6,16,6,'00:00:00','0.000','0.00',0,12,'00:00:45',12,'00:00:45',12,'00:00:45',12,'00:00:00',0,'00:00:00',0,'00:00:00','0.000','17.500','17.500','17.500','17.500','17.500','17.500','0.000','0.000','00:00:00','00:00:00',NULL,0,'0.00',0),
 (57,7,1,0,'00:07:00','13.000','0.00',0,0,'00:00:00',0,'00:00:00',0,'00:00:00',0,'00:00:00',0,'00:00:00',0,'00:00:00','1.500','0.000','0.000','0.000','0.000','0.000','0.000','0.000','0.000','00:00:00','00:00:00',NULL,0,'0.00',0),
 (58,7,1,98,'00:13:00','10.000','0.00',0,0,'00:00:00',0,'00:00:00',0,'00:00:00',0,'00:00:00',0,'00:00:00',0,'00:00:00','2.150','0.000','0.000','0.000','0.000','0.000','0.000','0.000','0.000','00:00:00','00:00:00',NULL,0,'0.00',0),
 (59,7,2,99,'00:18:00','9.000','0.00',14,0,'00:00:00',0,'00:00:00',0,'00:00:00',0,'00:00:00',0,'00:00:00',0,'00:00:00','2.200','0.000','0.000','0.000','0.000','0.000','0.000','0.000','0.000','00:00:00','00:00:00',NULL,0,'0.00',0),
 (60,7,18,1,'00:00:00','0.000','0.00',0,12,'00:00:45',12,'00:00:45',12,'00:00:45',12,'00:00:00',0,'00:00:00',0,'00:00:00','0.000','25.000','25.000','25.000','25.000','25.000','25.000','0.000','0.000','00:00:00','00:00:00',NULL,0,'0.00',0),
 (61,7,28,2,'00:00:00','0.000','0.00',0,12,'00:00:45',12,'00:00:45',12,'00:00:45',12,'00:00:00',0,'00:00:00',0,'00:00:00','0.000','110.000','110.000','110.000','110.000','110.000','110.000','0.000','0.000','00:00:00','00:00:00',NULL,0,'0.00',0),
 (62,7,19,3,'00:00:00','0.000','0.00',0,12,'00:00:45',12,'00:00:45',12,'00:00:45',12,'00:00:00',0,'00:00:00',0,'00:00:00','0.000','25.000','25.000','25.000','25.000','25.000','25.000','0.000','0.000','00:00:00','00:00:00',NULL,0,'0.00',0),
 (63,7,21,4,'00:00:00','0.000','0.00',0,12,'00:00:45',12,'00:00:45',12,'00:00:45',12,'00:00:00',0,'00:00:00',0,'00:00:00','0.000','60.000','60.000','60.000','60.000','60.000','60.000','0.000','0.000','00:00:00','00:00:00',NULL,0,'0.00',0),
 (64,7,22,5,'00:00:00','0.000','0.00',0,12,'00:00:45',12,'00:00:45',12,'00:00:45',12,'00:00:00',0,'00:00:00',0,'00:00:00','0.000','90.000','90.000','90.000','90.000','90.000','90.000','0.000','0.000','00:00:00','00:00:00',NULL,0,'0.00',0),
 (65,7,23,6,'00:00:00','0.000','0.00',0,12,'00:00:45',12,'00:00:45',12,'00:00:45',12,'00:00:00',0,'00:00:00',0,'00:00:00','0.000','90.000','90.000','90.000','90.000','90.000','90.000','0.000','0.000','00:00:00','00:00:00',NULL,0,'0.00',0),
 (66,8,1,0,'00:07:00','13.000','0.00',0,0,'00:00:00',0,'00:00:00',0,'00:00:00',0,'00:00:00',0,'00:00:00',0,'00:00:00','1.500','0.000','0.000','0.000','0.000','0.000','0.000','0.000','0.000','00:00:00','00:00:00',NULL,0,'0.00',0),
 (67,8,24,1,'00:10:00','0.000','0.00',0,0,'00:00:00',0,'00:00:00',0,'00:00:00',0,'00:00:00',0,'00:00:00',0,'00:00:00','0.000','0.000','0.000','0.000','0.000','0.000','0.000','0.000','0.000','00:00:00','00:00:00',NULL,0,'0.00',0),
 (68,8,1,97,'00:13:00','10.000','0.00',0,0,'00:00:00',0,'00:00:00',0,'00:00:00',0,'00:00:00',0,'00:00:00',0,'00:00:00','2.150','0.000','0.000','0.000','0.000','0.000','0.000','0.000','0.000','00:00:00','00:00:00',NULL,0,'0.00',0),
 (69,8,2,98,'00:18:00','8.000','0.00',14,0,'00:00:00',0,'00:00:00',0,'00:00:00',0,'00:00:00',0,'00:00:00',0,'00:00:00','2.200','0.000','0.000','0.000','0.000','0.000','0.000','0.000','0.000','00:00:00','00:00:00',NULL,0,'0.00',0),
 (70,8,24,99,'00:20:00','0.000','0.00',0,0,'00:00:00',0,'00:00:00',0,'00:00:00',0,'00:00:00',0,'00:00:00',0,'00:00:00','0.000','0.000','0.000','0.000','0.000','0.000','0.000','0.000','0.000','00:00:00','00:00:00',NULL,0,'0.00',0),
 (71,8,0,0,'00:00:00','0.000','0.00',0,0,'00:00:00',0,'00:00:00',0,'00:00:00',0,'00:00:00',0,'00:00:00',0,'00:00:00','0.000','0.000','0.000','0.000','0.000','0.000','0.000','0.000','0.000','00:00:00','00:00:00',NULL,0,'0.00',0),
 (72,8,27,3,'00:00:00','0.000','0.00',0,12,'00:00:45',12,'00:00:45',12,'00:00:45',9,'00:00:00',0,'00:00:00',0,'00:00:00','0.000','54.000','54.000','54.000','54.000','54.000','54.000','0.000','0.000','00:00:00','00:00:00',NULL,0,'0.00',0),
 (73,8,26,4,'00:00:00','0.000','0.00',0,12,'00:00:45',10,'00:00:45',10,'00:00:45',9,'00:00:00',0,'00:00:00',0,'00:00:00','0.000','25.000','25.000','25.000','25.000','25.000','25.000','0.000','0.000','00:00:00','00:00:00',NULL,0,'0.00',0),
 (74,8,25,5,'00:00:00','0.000','0.00',0,12,'00:00:45',12,'00:00:45',12,'00:00:45',12,'00:00:00',0,'00:00:00',0,'00:00:00','0.000','20.000','20.000','20.000','20.000','20.000','20.000','0.000','0.000','00:00:00','00:00:00',NULL,0,'0.00',0),
 (75,8,29,2,'00:00:00','0.000','0.00',0,12,'00:00:30',12,'00:00:30',12,'00:00:30',12,'00:00:00',0,'00:00:00',0,'00:00:00','0.000','0.000','0.000','0.000','0.000','0.000','0.000','0.000','0.000','00:00:00','00:00:00',NULL,0,'0.00',0),
 (76,8,30,6,'00:00:00','0.000','0.00',0,7,'00:01:00',6,'00:01:00',6,'00:01:00',0,'00:00:00',0,'00:00:00',0,'00:00:00','0.000','40.000','40.000','40.000','40.000','40.000','40.000','0.000','0.000','00:00:00','00:00:00',NULL,0,'0.00',0),
 (77,8,31,7,'00:00:00','0.000','0.00',0,18,'00:00:45',15,'00:00:45',15,'00:00:00',0,'00:00:00',0,'00:00:00',0,'00:00:00','0.000','0.000','0.000','0.000','0.000','0.000','0.000','0.000','0.000','00:00:00','00:00:00',NULL,0,'0.00',0),
 (78,9,1,0,'00:07:00','13.000','0.00',0,0,'00:00:00',0,'00:00:00',0,'00:00:00',0,'00:00:00',0,'00:00:00',0,'00:00:00','1.500','0.000','0.000','0.000','0.000','0.000','0.000','0.000','0.000','00:00:00','00:00:00',NULL,0,'0.00',0),
 (79,9,1,97,'00:13:00','10.000','0.00',0,0,'00:00:00',0,'00:00:00',0,'00:00:00',0,'00:00:00',0,'00:00:00',0,'00:00:00','2.150','0.000','0.000','0.000','0.000','0.000','0.000','0.000','0.000','00:00:00','00:00:00',NULL,0,'0.00',0),
 (80,9,2,98,'00:18:00','8.000','0.00',14,0,'00:00:00',0,'00:00:00',0,'00:00:00',0,'00:00:00',0,'00:00:00',0,'00:00:00','2.300','0.000','0.000','0.000','0.000','0.000','0.000','0.000','0.000','00:00:00','00:00:00',NULL,0,'0.00',0),
 (81,9,24,99,'00:20:00','0.000','0.00',0,0,'00:00:00',0,'00:00:00',0,'00:00:00',0,'00:00:00',0,'00:00:00',0,'00:00:00','0.000','0.000','0.000','0.000','0.000','0.000','0.000','0.000','0.000','00:00:00','00:00:00',NULL,0,'0.00',0),
 (82,9,32,1,'00:00:00','0.000','0.00',0,12,'00:00:45',12,'00:00:45',12,'00:00:45',12,'00:00:00',0,'00:00:00',0,'00:00:00','0.000','8.000','8.000','8.000','8.000','8.000','8.000','0.000','0.000','00:00:00','00:00:00',NULL,0,'0.00',0),
 (83,9,40,2,'00:00:00','0.000','0.00',0,12,'00:00:45',12,'00:00:45',12,'00:00:45',12,'00:00:00',0,'00:00:00',0,'00:00:00','0.000','20.000','20.000','20.000','20.000','20.000','20.000','0.000','0.000','00:00:00','00:00:00',NULL,0,'0.00',0),
 (84,9,34,3,'00:00:00','0.000','0.00',0,9,'00:00:45',7,'00:00:45',5,'00:00:45',6,'00:00:00',0,'00:00:00',0,'00:00:00','0.000','25.000','25.000','25.000','25.000','25.000','25.000','0.000','0.000','00:00:00','00:00:00',NULL,0,'0.00',0),
 (85,9,35,4,'00:00:00','0.000','0.00',0,12,'00:00:45',12,'00:00:45',12,'00:00:45',12,'00:00:00',0,'00:00:00',0,'00:00:00','0.000','11.250','11.250','11.250','11.250','11.250','11.250','0.000','0.000','00:00:00','00:00:00',NULL,0,'0.00',0),
 (86,10,1,0,'00:06:00','12.500','0.00',0,0,'00:00:00',0,'00:00:00',0,'00:00:00',0,'00:00:00',0,'00:00:00',0,'00:00:00','0.000','0.000','0.000','0.000','0.000','0.000','0.000','0.000','0.000','00:00:00','00:00:00',NULL,0,'0.00',0),
 (87,10,3,1,'00:00:00','0.000','0.00',0,12,'00:00:30',12,'00:00:30',8,'00:00:30',7,'00:00:00',0,'00:00:00',0,'00:00:00','0.000','30.000','30.000','30.000','30.000','0.000','0.000','0.000','0.000','00:00:00','00:00:00',NULL,0,'0.00',0),
 (88,10,5,2,'00:00:00','0.000','0.00',0,12,'00:00:45',8,'00:00:45',8,'00:00:45',7,'00:00:00',0,'00:00:00',0,'00:00:00','0.000','20.000','20.000','20.000','20.000','0.000','0.000','0.000','0.000','00:00:00','00:00:00',NULL,0,'0.00',0),
 (89,10,18,3,'00:00:00','0.000','0.00',0,12,'00:00:30',12,'00:00:30',12,'00:00:30',12,'00:00:00',0,'00:00:00',0,'00:00:00','0.000','30.000','30.000','30.000','30.000','0.000','0.000','0.000','0.000','00:00:00','00:00:00',NULL,0,'0.00',0),
 (90,10,19,4,'00:00:00','0.000','0.00',0,12,'00:00:30',12,'00:00:30',12,'00:00:30',12,'00:00:00',0,'00:00:00',0,'00:00:00','0.000','30.000','30.000','30.000','30.000','0.000','0.000','0.000','0.000','00:00:00','00:00:00',NULL,0,'0.00',0),
 (91,10,7,5,'00:00:00','0.000','0.00',0,20,'00:40:00',18,'00:30:00',15,'00:00:00',0,'00:00:00',0,'00:00:00',0,'00:00:00','0.000','30.000','30.000','30.000','0.000','0.000','0.000','0.000','0.000','00:00:00','00:00:00',NULL,0,'0.00',0),
 (92,11,1,0,'00:06:40','12.600','0.00',0,0,'00:00:00',0,'00:00:00',0,'00:00:00',0,'00:00:00',0,'00:00:00',0,'00:00:00','1.300','0.000','0.000','0.000','0.000','0.000','0.000','0.000','0.000','00:00:00','00:00:00',NULL,0,'0.00',0),
 (93,11,3,1,'00:00:00','0.000','0.00',0,12,'00:00:30',12,'00:00:30',12,'00:00:30',12,'00:00:00',0,'00:00:00',0,'00:00:00','0.000','50.000','50.000','50.000','50.000','0.000','0.000','0.000','0.000','00:00:00','00:00:00',NULL,0,'0.00',0),
 (94,11,5,2,'00:00:00','0.000','0.00',0,12,'00:01:00',9,'00:01:00',8,'00:01:00',7,'00:00:00',0,'00:00:00',0,'00:00:00','0.000','25.000','25.000','25.000','25.000','0.000','0.000','0.000','0.000','00:00:00','00:00:00',NULL,0,'0.00',0),
 (95,11,4,3,'00:00:00','0.000','0.00',0,8,'00:01:00',7,'00:01:00',7,'00:01:00',6,'00:00:00',0,'00:00:00',0,'00:00:00','0.000','25.000','25.000','25.000','25.000','0.000','0.000','0.000','0.000','00:00:00','00:00:00',NULL,0,'0.00',0),
 (96,11,6,4,'00:00:00','0.000','0.00',0,10,'00:01:00',9,'00:01:00',8,'00:01:00',7,'00:00:00',0,'00:00:00',0,'00:00:00','0.000','50.000','50.000','50.000','50.000','0.000','0.000','0.000','0.000','00:00:00','00:00:00',NULL,0,'0.00',0),
 (97,11,9,6,'00:00:00','0.000','0.00',0,12,'00:01:00',10,'00:01:00',10,'00:00:00',0,'00:00:00',0,'00:00:00',0,'00:00:00','0.000','5.000','5.000','5.000','0.000','0.000','0.000','0.000','0.000','00:00:00','00:00:00',NULL,0,'0.00',0),
 (98,11,10,7,'00:00:00','0.000','0.00',0,12,'00:00:45',12,'00:00:45',12,'00:00:45',12,'00:00:00',0,'00:00:00',0,'00:00:00','0.000','6.000','6.000','6.000','6.000','0.000','0.000','0.000','0.000','00:00:00','00:00:00',NULL,0,'0.00',0),
 (99,11,11,8,'00:00:00','0.000','0.00',0,12,'00:00:45',12,'00:00:45',12,'00:00:45',12,'00:00:00',0,'00:00:00',0,'00:00:00','0.000','6.000','6.000','6.000','6.000','0.000','0.000','0.000','0.000','00:00:00','00:00:00',NULL,0,'0.00',0),
 (100,11,12,9,'00:00:00','0.000','0.00',0,12,'00:00:45',12,'00:00:45',12,'00:00:45',12,'00:00:00',0,'00:00:00',0,'00:00:00','0.000','10.000','10.000','10.000','10.000','0.000','0.000','0.000','0.000','00:00:00','00:00:00',NULL,0,'0.00',0),
 (101,11,13,10,'00:00:00','0.000','0.00',0,12,'00:00:45',12,'00:00:45',12,'00:00:45',12,'00:00:00',0,'00:00:00',0,'00:00:00','0.000','6.000','6.000','6.000','6.000','0.000','0.000','0.000','0.000','00:00:00','00:00:00',NULL,0,'0.00',0),
 (102,11,15,11,'00:00:00','0.000','0.00',0,12,'00:00:45',12,'00:00:45',12,'00:00:45',12,'00:00:00',0,'00:00:00',0,'00:00:00','0.000','17.500','17.500','17.500','17.500','0.000','0.000','0.000','0.000','00:00:00','00:00:00',NULL,0,'0.00',0),
 (103,11,16,12,'00:00:00','0.000','0.00',0,10,'00:00:45',9,'00:00:45',8,'00:00:45',7,'00:00:00',0,'00:00:00',0,'00:00:00','0.000','12.500','12.500','12.500','12.500','0.000','0.000','0.000','0.000','00:00:00','00:00:00',NULL,0,'0.00',0),
 (104,12,1,0,'00:06:40','12.600','0.00',0,0,'00:00:00',0,'00:00:00',0,'00:00:00',0,'00:00:00',0,'00:00:00',0,'00:00:00','1.300','0.000','0.000','0.000','0.000','0.000','0.000','0.000','0.000','00:00:00','00:00:00',NULL,0,'0.00',0),
 (105,12,41,1,'00:22:00','0.000','0.00',15,0,'00:00:00',0,'00:00:00',0,'00:00:00',0,'00:00:00',0,'00:00:00',0,'00:00:00','7.500','0.000','0.000','0.000','0.000','0.000','0.000','0.000','0.000','00:00:00','00:00:00',NULL,0,'0.00',0),
 (106,11,7,5,'00:00:00','0.000','0.00',0,20,'00:01:00',18,'00:01:00',13,'00:00:00',0,'00:00:00',0,'00:00:00',0,'00:00:00','0.000','30.000','30.000','30.000','0.000','0.000','0.000','0.000','0.000','00:00:00','00:00:00',NULL,0,'0.00',0),
 (107,12,2,0,'00:32:00','0.000','0.00',14,0,'00:00:00',0,'00:00:00',0,'00:00:00',0,'00:00:00',0,'00:00:00',0,'00:00:00','4.300','0.000','0.000','0.000','0.000','0.000','0.000','0.000','0.000','00:00:00','00:00:00',NULL,0,'0.00',0),
 (108,12,1,0,'00:12:30','9.600','0.00',0,0,'00:00:00',0,'00:00:00',0,'00:00:00',0,'00:00:00',0,'00:00:00',0,'00:00:00','2.000','0.000','0.000','0.000','0.000','0.000','0.000','0.000','0.000','00:00:00','00:00:00',NULL,0,'0.00',0),
 (109,12,24,0,'00:20:00','0.000','0.00',0,0,'00:00:00',0,'00:00:00',0,'00:00:00',0,'00:00:00',0,'00:00:00',0,'00:00:00','0.000','0.000','0.000','0.000','0.000','0.000','0.000','0.000','0.000','00:00:00','00:00:00',NULL,0,'0.00',0),
 (110,18,1,0,'00:07:15','12.600','0.00',0,0,'00:00:00',0,'00:00:00',0,'00:00:00',0,'00:00:00',0,'00:00:00',0,'00:00:00','1.500','0.000','0.000','0.000','0.000','0.000','0.000','0.000','0.000','00:00:00','00:00:00',NULL,0,'0.00',0),
 (111,18,27,1,'00:00:00','0.000','0.00',0,12,'00:01:00',10,'00:01:00',8,'00:01:00',7,'00:00:00',0,'00:00:00',0,'00:00:00','0.000','54.000','54.000','54.000','54.000','0.000','0.000','0.000','0.000','00:00:00','00:00:00',NULL,0,'0.00',0),
 (112,18,26,2,'00:00:00','0.000','0.00',0,10,'00:01:00',8,'00:01:00',7,'00:01:00',7,'00:00:00',0,'00:00:00',0,'00:00:00','0.000','25.000','25.000','25.000','25.000','0.000','0.000','0.000','0.000','00:00:00','00:00:00',NULL,0,'0.00',0),
 (113,18,30,3,'00:00:00','0.000','0.00',0,7,'00:01:00',6,'00:01:00',6,'00:00:00',5,'00:00:00',0,'00:00:00',0,'00:00:00','0.000','40.000','40.000','40.000','40.000','0.000','0.000','0.000','0.000','00:00:00','00:00:00',NULL,0,'0.00',0),
 (114,18,29,4,'00:00:00','0.000','0.00',0,18,'00:01:00',15,'00:01:00',14,'00:00:00',0,'00:00:00',0,'00:00:00',0,'00:00:00','0.000','0.000','0.000','0.000','0.000','0.000','0.000','0.000','0.000','00:00:00','00:00:00',NULL,0,'0.00',0),
 (115,18,25,5,'00:00:00','0.000','0.00',0,12,'00:01:00',12,'00:01:00',12,'00:01:00',12,'00:00:00',0,'00:00:00',0,'00:00:00','0.000','25.000','25.000','25.000','25.000','0.000','0.000','0.000','0.000','00:00:00','00:00:00',NULL,0,'0.00',0),
 (116,18,32,6,'00:00:00','0.000','0.00',0,12,'00:01:00',9,'00:01:00',9,'00:01:00',8,'00:00:00',0,'00:00:00',0,'00:00:00','0.000','8.000','8.000','8.000','8.000','0.000','0.000','0.000','0.000','00:00:00','00:00:00',NULL,0,'0.00',0),
 (117,18,33,7,'00:00:00','0.000','0.00',0,12,'00:01:00',12,'00:01:00',9,'00:01:00',8,'00:00:00',0,'00:00:00',0,'00:00:00','0.000','8.000','8.000','8.000','8.000','0.000','0.000','0.000','0.000','00:00:00','00:00:00',NULL,0,'0.00',0),
 (118,18,36,8,'00:00:00','0.000','0.00',0,12,'00:01:00',10,'00:01:00',9,'00:01:00',8,'00:00:00',0,'00:00:00',0,'00:00:00','0.000','8.000','8.000','8.000','8.000','0.000','0.000','0.000','0.000','00:00:00','00:00:00',NULL,0,'0.00',0),
 (119,18,35,9,'00:00:00','0.000','0.00',0,12,'00:01:00',10,'00:01:00',8,'00:01:00',7,'00:00:00',0,'00:00:00',0,'00:00:00','0.000','11.250','11.250','11.250','11.250','0.000','0.000','0.000','0.000','00:00:00','00:00:00',NULL,0,'0.00',0),
 (120,18,34,10,'00:00:00','0.000','0.00',0,12,'00:01:00',12,'00:01:00',10,'00:01:00',8,'00:00:00',0,'00:00:00',0,'00:00:00','0.000','15.000','17.500','17.500','17.500','0.000','0.000','0.000','0.000','00:00:00','00:00:00',NULL,0,'0.00',0),
 (121,18,24,11,'00:30:00','0.000','0.00',0,0,'00:00:00',0,'00:00:00',0,'00:00:00',0,'00:00:00',0,'00:00:00',0,'00:00:00','1.500','0.000','0.000','0.000','0.000','0.000','0.000','0.000','0.000','00:00:00','00:00:00',NULL,0,'0.00',0),
 (122,20,1,0,'00:07:15','12.600','0.00',0,0,'00:00:00',0,'00:00:00',0,'00:00:00',0,'00:00:00',0,'00:00:00',0,'00:00:00','0.000','0.000','0.000','0.000','0.000','0.000','0.000','0.000','0.000','00:00:00','00:00:00',NULL,0,'0.00',0),
 (123,20,32,1,'00:00:00','0.000','0.00',0,12,'00:01:00',12,'00:01:00',12,'00:01:00',10,'00:00:00',0,'00:00:00',0,'00:00:00','0.000','8.000','8.000','8.000','8.000','0.000','0.000','0.000','0.000','00:00:00','00:00:00',NULL,0,'0.00',0),
 (124,20,33,2,'00:00:00','0.000','0.00',0,12,'00:01:00',12,'00:01:00',12,'00:01:00',12,'00:00:00',0,'00:00:00',0,'00:00:00','0.000','8.000','8.000','8.000','8.000','0.000','0.000','0.000','0.000','00:00:00','00:00:00',NULL,0,'0.00',0),
 (125,20,36,3,'00:00:00','0.000','0.00',0,12,'00:01:00',12,'00:01:00',12,'00:01:00',12,'00:00:00',0,'00:00:00',0,'00:00:00','0.000','8.000','8.000','8.000','8.000','0.000','0.000','0.000','0.000','00:00:00','00:00:00',NULL,0,'0.00',0),
 (126,20,35,4,'00:00:00','0.000','0.00',0,12,'00:01:00',9,'00:01:00',7,'00:01:00',5,'00:00:00',0,'00:00:00',0,'00:00:00','0.000','11.250','11.250','11.250','11.250','0.000','0.000','0.000','0.000','00:00:00','00:00:00',NULL,0,'0.00',0),
 (127,20,34,5,'00:00:00','0.000','0.00',0,12,'00:01:00',12,'00:01:00',12,'00:01:00',12,'00:00:00',0,'00:00:00',0,'00:00:00','0.000','17.500','17.500','17.500','17.500','0.000','0.000','0.000','0.000','00:00:00','00:00:00',NULL,0,'0.00',0),
 (128,20,18,6,'00:00:00','0.000','0.00',0,12,'00:01:00',12,'00:01:00',12,'00:01:00',12,'00:00:00',0,'00:00:00',0,'00:00:00','0.000','30.000','30.000','30.000','30.000','0.000','0.000','0.000','0.000','00:00:00','00:00:00',NULL,0,'0.00',0),
 (129,20,19,7,'00:00:00','0.000','0.00',0,12,'00:01:00',12,'00:01:00',12,'00:01:00',12,'00:00:00',0,'00:00:00',0,'00:00:00','0.000','30.000','30.000','30.000','30.000','0.000','0.000','0.000','0.000','00:00:00','00:00:00',NULL,0,'0.00',0),
 (130,20,20,8,'00:00:00','0.000','0.00',0,12,'00:01:00',12,'00:01:00',12,'00:01:00',12,'00:00:00',0,'00:00:00',0,'00:00:00','0.000','110.000','110.000','110.000','110.000','0.000','0.000','0.000','0.000','00:00:00','00:00:00',NULL,0,'0.00',0),
 (131,20,22,9,'00:00:00','0.000','0.00',0,12,'00:01:00',12,'00:01:00',12,'00:01:00',12,'00:00:00',0,'00:00:00',0,'00:00:00','0.000','80.000','90.000','90.000','90.000','0.000','0.000','0.000','0.000','00:00:00','00:00:00',NULL,0,'0.00',0),
 (132,20,23,10,'00:00:00','0.000','0.00',0,12,'00:01:00',12,'00:01:00',12,'00:01:00',12,'00:00:00',0,'00:00:00',0,'00:00:00','0.000','80.000','80.000','80.000','80.000','0.000','0.000','0.000','0.000','00:00:00','00:00:00',NULL,0,'0.00',0),
 (133,20,21,11,'00:00:00','0.000','0.00',0,10,'00:01:00',10,'00:01:00',10,'00:00:00',0,'00:00:00',0,'00:00:00',0,'00:00:00','0.000','90.000','85.000','85.000','85.000','0.000','0.000','0.000','0.000','00:00:00','00:00:00',NULL,0,'0.00',0),
 (134,20,24,12,'00:25:00','0.000','0.00',0,0,'00:00:00',0,'00:00:00',0,'00:00:00',0,'00:00:00',0,'00:00:00',0,'00:00:00','0.000','0.000','0.000','0.000','0.000','0.000','0.000','0.000','0.000','00:00:00','00:00:00',NULL,0,'0.00',0),
 (135,21,1,0,'00:07:15','12.600','0.00',0,0,'00:00:00',0,'00:00:00',0,'00:00:00',0,'00:00:00',0,'00:00:00',0,'00:00:00','1.500','0.000','0.000','0.000','0.000','0.000','0.000','0.000','0.000','00:00:00','00:00:00',NULL,0,'0.00',0),
 (136,21,3,1,'00:00:00','0.000','0.00',0,12,'00:01:00',10,'00:01:00',8,'00:01:00',6,'00:00:00',0,'00:00:00',0,'00:00:00','0.000','60.000','60.000','60.000','60.000','0.000','0.000','0.000','0.000','00:00:00','00:00:00',NULL,0,'0.00',0),
 (137,21,5,2,'00:00:00','0.000','0.00',0,10,'00:01:00',7,'00:01:00',7,'00:01:00',7,'00:00:00',0,'00:00:00',0,'00:00:00','0.000','25.000','25.000','25.000','25.000','0.000','0.000','0.000','0.000','00:00:00','00:00:00',NULL,0,'0.00',0),
 (138,21,6,3,'00:00:00','0.000','0.00',0,10,'00:01:00',7,'00:01:00',7,'00:01:00',6,'00:00:00',0,'00:00:00',0,'00:00:00','0.000','60.000','60.000','60.000','60.000','0.000','0.000','0.000','0.000','00:00:00','00:00:00',NULL,0,'0.00',0),
 (139,21,4,4,'00:00:00','0.000','0.00',0,9,'00:01:00',7,'00:01:00',5,'00:01:00',4,'00:00:00',0,'00:00:00',0,'00:00:00','0.000','25.000','25.000','25.000','25.000','0.000','0.000','0.000','0.000','00:00:00','00:00:00',NULL,0,'0.00',0),
 (140,21,10,5,'00:00:00','0.000','0.00',0,11,'00:01:00',9,'00:01:00',7,'00:01:00',7,'00:00:00',0,'00:00:00',0,'00:00:00','0.000','8.000','8.000','8.000','8.000','0.000','0.000','0.000','0.000','00:00:00','00:00:00',NULL,0,'0.00',0),
 (141,21,11,6,'00:00:00','0.000','0.00',0,10,'00:01:00',8,'00:01:00',6,'00:01:00',6,'00:00:00',0,'00:00:00',0,'00:00:00','0.000','8.000','8.000','8.000','8.000','0.000','0.000','0.000','0.000','00:00:00','00:00:00',NULL,0,'0.00',0),
 (142,21,12,7,'00:00:00','0.000','0.00',0,12,'00:01:00',12,'00:01:00',12,'00:01:00',12,'00:00:00',0,'00:00:00',0,'00:00:00','0.000','12.000','12.000','12.000','12.000','0.000','0.000','0.000','0.000','00:00:00','00:00:00',NULL,0,'0.00',0),
 (143,21,13,8,'00:00:00','0.000','0.00',0,12,'00:01:00',12,'00:01:00',12,'00:01:00',11,'00:00:00',0,'00:00:00',0,'00:00:00','0.000','8.000','8.000','8.000','8.000','0.000','0.000','0.000','0.000','00:00:00','00:00:00',NULL,0,'0.00',0),
 (144,21,15,9,'00:00:00','0.000','0.00',0,5,'00:01:00',4,'00:01:00',3,'00:01:00',1,'00:00:00',0,'00:00:00',0,'00:00:00','0.000','15.000','15.000','15.000','15.000','0.000','0.000','0.000','0.000','00:00:00','00:00:00',NULL,0,'0.00',0),
 (145,21,16,10,'00:00:00','0.000','0.00',0,12,'00:01:00',12,'00:01:00',12,'00:01:00',12,'00:00:00',0,'00:00:00',0,'00:00:00','0.000','15.000','15.000','15.000','15.000','0.000','0.000','0.000','0.000','00:00:00','00:00:00',NULL,0,'0.00',0),
 (146,21,7,11,'00:00:00','0.000','0.00',0,20,'00:01:00',15,'00:01:00',14,'00:00:00',0,'00:00:00',0,'00:00:00',0,'00:00:00','0.000','30.000','30.000','30.000','30.000','0.000','0.000','0.000','0.000','00:00:00','00:00:00',NULL,0,'0.00',0),
 (147,21,24,12,'00:25:00','0.000','0.00',0,0,'00:00:00',0,'00:00:00',0,'00:00:00',0,'00:00:00',0,'00:00:00',0,'00:00:00','0.000','0.000','0.000','0.000','0.000','0.000','0.000','0.000','0.000','00:00:00','00:00:00',NULL,0,'0.00',0),
 (148,22,1,0,'00:07:15','12.600','0.00',0,0,'00:00:00',0,'00:00:00',0,'00:00:00',0,'00:00:00',0,'00:00:00',0,'00:00:00','1.500','0.000','0.000','0.000','0.000','0.000','0.000','0.000','0.000','00:00:00','00:00:00',NULL,0,'0.00',0),
 (149,22,41,1,'00:24:00','0.000','0.00',14,0,'00:00:00',0,'00:00:00',0,'00:00:00',0,'00:00:00',0,'00:00:00',0,'00:00:00','9.500','0.000','0.000','0.000','0.000','0.000','0.000','0.000','0.000','00:00:00','00:00:00',NULL,0,'0.00',0),
 (150,22,2,2,'00:36:00','8.000','0.00',14,0,'00:00:00',0,'00:00:00',0,'00:00:00',0,'00:00:00',0,'00:00:00',0,'00:00:00','4.500','0.000','0.000','0.000','0.000','0.000','0.000','0.000','0.000','00:00:00','00:00:00',NULL,0,'0.00',0),
 (151,22,1,3,'00:12:30','9.600','0.00',0,0,'00:00:00',0,'00:00:00',0,'00:00:00',0,'00:00:00',0,'00:00:00',0,'00:00:00','2.000','0.000','0.000','0.000','0.000','0.000','0.000','0.000','0.000','00:00:00','00:00:00',NULL,0,'0.00',0),
 (152,22,24,4,'00:15:00','0.000','0.00',0,0,'00:00:00',0,'00:00:00',0,'00:00:00',0,'00:00:00',0,'00:00:00',0,'00:00:00','0.000','0.000','0.000','0.000','0.000','0.000','0.000','0.000','0.000','00:00:00','00:00:00',NULL,0,'0.00',0),
 (153,23,1,0,'00:07:20','12.600','0.00',0,0,'00:00:00',0,'00:00:00',0,'00:00:00',0,'00:00:00',0,'00:00:00',0,'00:00:00','1.500','0.000','0.000','0.000','0.000','0.000','0.000','0.000','0.000','00:00:00','00:00:00',NULL,0,'0.00',0),
 (154,23,27,1,'00:00:00','0.000','0.00',0,12,'00:01:00',12,'00:01:00',7,'00:01:00',7,'00:00:00',0,'00:00:00',0,'00:00:00','0.000','57.000','57.000','57.000','57.000','0.000','0.000','0.000','0.000','00:00:00','00:00:00',NULL,0,'0.00',0),
 (155,23,25,2,'00:00:00','0.000','0.00',0,10,'00:01:00',9,'00:01:00',7,'00:01:00',8,'00:00:00',0,'00:00:00',0,'00:00:00','0.000','25.000','25.000','25.000','25.000','0.000','0.000','0.000','0.000','00:00:00','00:00:00',NULL,0,'0.00',0),
 (156,23,26,3,'00:00:00','0.000','0.00',0,12,'00:01:00',12,'00:01:00',12,'00:01:00',11,'00:00:00',0,'00:00:00',0,'00:00:00','0.000','25.000','25.000','25.000','25.000','0.000','0.000','0.000','0.000','00:00:00','00:00:00',NULL,0,'0.00',0),
 (157,23,29,4,'00:00:00','0.000','0.00',0,15,'00:01:00',12,'00:01:00',12,'00:00:00',0,'00:00:00',0,'00:00:00',0,'00:00:00','0.000','0.000','0.000','0.000','0.000','0.000','0.000','0.000','0.000','00:00:00','00:00:00',NULL,0,'0.00',0),
 (158,23,30,5,'00:00:00','0.000','0.00',0,10,'00:01:00',7,'00:01:00',5,'00:00:00',0,'00:00:00',0,'00:00:00',0,'00:00:00','0.000','40.000','40.000','40.000','0.000','0.000','0.000','0.000','0.000','00:00:00','00:00:00',NULL,0,'0.00',0),
 (159,23,32,6,'00:00:00','0.000','0.00',0,12,'00:01:00',12,'00:01:00',9,'00:01:00',8,'00:00:00',0,'00:00:00',0,'00:00:00','0.000','8.000','8.000','8.000','8.000','0.000','0.000','0.000','0.000','00:00:00','00:00:00',NULL,0,'0.00',0),
 (160,23,40,7,'00:00:00','0.000','0.00',0,8,'00:01:00',8,'00:01:00',8,'00:01:00',8,'00:00:00',0,'00:00:00',0,'00:00:00','0.000','25.000','20.000','20.000','20.000','0.000','0.000','0.000','0.000','00:00:00','00:00:00',NULL,0,'0.00',0),
 (161,23,34,8,'00:00:00','0.000','0.00',0,12,'00:01:00',12,'00:01:00',12,'00:01:00',12,'00:00:00',0,'00:00:00',0,'00:00:00','0.000','17.500','17.500','17.500','17.500','0.000','0.000','0.000','0.000','00:00:00','00:00:00',NULL,0,'0.00',0),
 (162,23,35,9,'00:00:00','0.000','0.00',0,11,'00:01:00',8,'00:01:00',6,'00:01:00',4,'00:00:00',0,'00:00:00',0,'00:00:00','0.000','11.250','11.250','11.250','11.250','0.000','0.000','0.000','0.000','00:00:00','00:00:00',NULL,0,'0.00',0),
 (163,23,24,10,'00:17:00','0.000','0.00',0,0,'00:00:00',0,'00:00:00',0,'00:00:00',0,'00:00:00',0,'00:00:00',0,'00:00:00','0.000','0.000','0.000','0.000','0.000','0.000','0.000','0.000','0.000','00:00:00','00:00:00',NULL,0,'0.00',0),
 (164,24,1,0,'00:06:15','12.600','0.00',0,0,'00:00:00',0,'00:00:00',0,'00:00:00',0,'00:00:00',0,'00:00:00',0,'00:00:00','1.200','0.000','0.000','0.000','0.000','0.000','0.000','0.000','0.000','00:00:00','00:00:00',NULL,0,'0.00',0),
 (165,24,42,1,'00:11:00','0.000','0.00',0,0,'00:00:00',0,'00:00:00',0,'00:00:00',0,'00:00:00',0,'00:00:00',0,'00:00:00','0.000','0.000','0.000','0.000','0.000','0.000','0.000','9.000','16.000','00:01:30','00:00:30',NULL,0,'0.00',0),
 (166,24,24,2,'00:10:00','0.000','0.00',0,0,'00:00:00',0,'00:00:00',0,'00:00:00',0,'00:00:00',0,'00:00:00',0,'00:00:00','0.000','0.000','0.000','0.000','0.000','0.000','0.000','0.000','0.000','00:00:00','00:00:00',NULL,0,'0.00',0),
 (167,25,1,0,'00:07:20','12.600','0.00',0,0,'00:00:00',0,'00:00:00',0,'00:00:00',0,'00:00:00',0,'00:00:00',0,'00:00:00','1.500','0.000','0.000','0.000','0.000','0.000','0.000','0.000','0.000','00:00:00','00:00:00',NULL,0,'0.00',0),
 (168,25,5,1,'00:00:00','0.000','0.00',0,12,'00:01:00',8,'00:01:00',7,'00:01:00',5,'00:00:00',0,'00:00:00',0,'00:00:00','0.000','60.000','60.000','60.000','60.000','0.000','0.000','0.000','0.000','00:00:00','00:00:00','00:00:00',0,'0.00',0),
 (169,25,4,2,'00:00:00','0.000','0.00',0,8,'00:01:00',6,'00:01:00',5,'00:01:00',4,'00:00:00',0,'00:00:00',0,'00:00:00','0.000','30.000','30.000','30.000','30.000','0.000','0.000','0.000','0.000','00:00:00','00:00:00','00:00:00',0,'0.00',0),
 (170,25,3,3,'00:00:00','0.000','0.00',0,8,'00:01:00',8,'00:01:00',6,'00:01:00',4,'00:00:00',0,'00:00:00',0,'00:00:00','0.000','60.000','50.000','50.000','50.000','0.000','0.000','0.000','0.000','00:00:00','00:00:00','00:00:00',0,'0.00',0),
 (171,25,10,4,'00:00:00','0.000','0.00',0,12,'00:01:00',9,'00:01:00',8,'00:01:00',8,'00:00:00',0,'00:00:00',0,'00:00:00','0.000','8.000','8.000','8.000','8.000','0.000','0.000','0.000','0.000','00:00:00','00:00:00','00:00:00',0,'0.00',0),
 (172,25,11,5,'00:00:00','0.000','0.00',0,12,'00:01:00',9,'00:01:00',8,'00:01:00',8,'00:00:00',0,'00:00:00',0,'00:00:00','0.000','8.000','8.000','8.000','8.000','0.000','0.000','0.000','0.000','00:00:00','00:00:00','00:00:00',0,'0.00',0),
 (173,25,12,6,'00:00:00','0.000','0.00',0,12,'00:01:00',12,'00:01:00',12,'00:01:00',12,'00:00:00',0,'00:00:00',0,'00:00:00','0.000','12.000','12.000','12.000','12.000','0.000','0.000','0.000','0.000','00:00:00','00:00:00','00:00:00',0,'0.00',0),
 (174,25,13,7,'00:00:00','0.000','0.00',0,12,'00:01:00',12,'00:01:00',12,'00:01:00',10,'00:00:00',0,'00:00:00',0,'00:00:00','0.000','10.000','10.000','10.000','10.000','0.000','0.000','0.000','0.000','00:00:00','00:00:00','00:00:00',0,'0.00',0),
 (176,25,6,8,'00:00:00','0.000','0.00',0,12,'00:01:00',12,'00:01:00',8,'00:01:00',7,'00:00:00',0,'00:00:00',0,'00:00:00','0.000','60.000','60.000','60.000','60.000','0.000','0.000','0.000','0.000','00:00:00','00:00:00','00:00:00',0,'0.00',0),
 (177,25,15,9,'00:00:00','0.000','0.00',0,10,'00:01:00',9,'00:01:00',6,'00:01:00',4,'00:00:00',0,'00:00:00',0,'00:00:00','0.000','15.000','15.000','15.000','15.000','0.000','0.000','0.000','0.000','00:00:00','00:00:00','00:00:00',0,'0.00',0),
 (178,25,16,10,'00:00:00','0.000','0.00',0,12,'00:01:00',12,'00:01:00',12,'00:01:00',12,'00:00:00',0,'00:00:00',0,'00:00:00','0.000','25.000','25.000','25.000','25.000','0.000','0.000','0.000','0.000','00:00:00','00:00:00','00:00:00',0,'0.00',0),
 (179,25,7,11,'00:00:00','0.000','0.00',0,20,'00:01:00',15,'00:01:00',14,'00:00:00',0,'00:00:00',0,'00:00:00',0,'00:00:00','0.000','30.000','30.000','30.000','30.000','0.000','0.000','0.000','0.000','00:00:00','00:00:00','00:00:00',0,'0.00',0),
 (181,26,27,1,'00:00:00','0.000','0.00',0,12,'00:00:00',12,'00:00:00',10,'00:00:00',8,'00:00:00',0,'00:00:00',0,'00:00:00','0.000','56.500','56.500','56.500','56.500','0.000','0.000','0.000','0.000','00:00:00','00:00:00','00:00:00',0,'0.00',0),
 (182,26,1,0,'00:07:15','12.600','0.00',0,0,'00:00:00',0,'00:00:00',0,'00:00:00',0,'00:00:00',0,'00:00:00',0,'00:00:00','1.500','0.000','0.000','0.000','0.000','0.000','0.000','0.000','0.000','00:00:00','00:00:00','00:00:00',0,'0.00',0),
 (183,28,1,0,'00:08:30','11.000','0.00',0,0,'00:00:00',0,'00:00:00',0,'00:00:00',0,'00:00:00',0,'00:00:00',0,'00:00:00','0.000','0.000','0.000','0.000','0.000','0.000','0.000','0.000','0.000','00:00:00','00:00:00','00:00:00',0,'0.00',0),
 (184,28,42,1,'00:14:00','0.000','0.00',0,0,'00:00:00',0,'00:00:00',0,'00:00:00',0,'00:00:00',0,'00:00:00',0,'00:00:00','0.000','0.000','0.000','0.000','0.000','0.000','0.000','9.000','16.000','00:01:30','00:00:30','00:04:00',5,'0.00',0),
 (185,28,24,2,'00:28:00','0.000','0.00',0,0,'00:00:00',0,'00:00:00',0,'00:00:00',0,'00:00:00',0,'00:00:00',0,'00:00:00','0.000','0.000','0.000','0.000','0.000','0.000','0.000','0.000','0.000','00:00:00','00:00:00','00:00:00',0,'0.00',0),
 (186,26,25,2,'00:00:00','0.000','0.00',0,12,'00:01:00',12,'00:01:00',12,'00:01:00',11,'00:01:00',0,'00:00:00',0,'00:00:00','0.000','25.000','25.000','25.000','25.000','0.000','0.000','0.000','0.000','00:00:00','00:00:00','00:00:00',0,'0.00',0),
 (187,26,26,3,'00:00:00','0.000','0.00',0,12,'00:01:00',12,'00:01:00',12,'00:01:00',12,'00:01:00',11,'00:00:00',0,'00:00:00','0.000','25.000','25.000','25.000','25.000','0.000','0.000','0.000','0.000','00:00:00','00:00:00','00:00:00',0,'0.00',0),
 (188,26,32,4,'00:00:00','0.000','0.00',0,12,'00:01:00',11,'00:01:00',10,'00:01:00',9,'00:01:00',0,'00:00:00',0,'00:00:00','0.000','8.000','8.000','8.000','8.000','0.000','0.000','0.000','0.000','00:00:00','00:00:00','00:00:00',0,'0.00',0),
 (189,26,33,5,'00:00:00','0.000','0.00',0,12,'00:01:00',12,'00:01:00',12,'00:01:00',10,'00:01:00',0,'00:00:00',0,'00:00:00','0.000','8.000','8.000','8.000','8.000','0.000','0.000','0.000','0.000','00:00:00','00:00:00','00:00:00',0,'0.00',0),
 (190,26,34,6,'00:00:00','0.000','0.00',0,12,'00:01:00',12,'00:01:00',12,'00:01:00',12,'00:01:00',0,'00:00:00',0,'00:00:00','0.000','17.500','17.500','17.500','17.500','0.000','0.000','0.000','0.000','00:00:00','00:00:00','00:00:00',0,'0.00',0),
 (191,26,35,7,'00:00:00','0.000','0.00',0,12,'00:01:00',10,'00:01:00',5,'00:01:00',4,'00:01:00',0,'00:00:00',0,'00:00:00','0.000','11.250','11.250','11.250','11.250','0.000','0.000','0.000','0.000','00:00:00','00:00:00','00:00:00',0,'0.00',0),
 (192,26,29,8,'00:00:00','0.000','0.00',0,15,'00:01:00',12,'00:01:00',11,'00:01:00',0,'00:00:00',0,'00:00:00',0,'00:00:00','0.000','10.000','10.000','10.000','0.000','0.000','0.000','0.000','0.000','00:00:00','00:00:00','00:00:00',0,'0.00',0),
 (193,26,30,9,'00:00:00','0.000','0.00',0,10,'00:01:00',8,'00:01:00',6,'00:01:00',5,'00:01:00',0,'00:00:00',0,'00:00:00','0.000','33.000','33.000','33.000','33.000','0.000','0.000','0.000','0.000','00:00:00','00:00:00','00:00:00',0,'0.00',0),
 (194,29,1,0,'00:07:30','12.600','0.00',0,0,'00:00:00',0,'00:00:00',0,'00:00:00',0,'00:00:00',0,'00:00:00',0,'00:00:00','1.500','0.000','0.000','0.000','0.000','0.000','0.000','0.000','0.000','00:00:00','00:00:00','00:00:00',0,'0.00',0),
 (195,29,41,1,'00:36:00','0.000','0.00',14,0,'00:00:00',0,'00:00:00',0,'00:00:00',0,'00:00:00',0,'00:00:00',0,'00:00:00','0.000','0.000','0.000','0.000','0.000','0.000','0.000','0.000','0.000','00:00:00','00:00:00','00:00:00',0,'85.00',0),
 (196,29,2,2,'00:36:00','8.500','0.00',14,0,'00:00:00',0,'00:00:00',0,'00:00:00',0,'00:00:00',0,'00:00:00',0,'00:00:00','0.000','0.000','0.000','0.000','0.000','0.000','0.000','0.000','0.000','00:00:00','00:00:00','00:00:00',0,'0.00',0),
 (197,29,24,3,'00:20:00','0.000','0.00',0,0,'00:00:00',0,'00:00:00',0,'00:00:00',0,'00:00:00',0,'00:00:00',0,'00:00:00','0.000','0.000','0.000','0.000','0.000','0.000','0.000','0.000','0.000','00:00:00','00:00:00','00:00:00',0,'0.00',0),
 (198,30,1,0,'00:07:30','12.600','0.00',0,0,'00:00:00',0,'00:00:00',0,'00:00:00',0,'00:00:00',0,'00:00:00',0,'00:00:00','1.500','0.000','0.000','0.000','0.000','0.000','0.000','0.000','0.000','00:00:00','00:00:00','00:00:00',0,'0.00',0),
 (199,30,3,1,'00:00:00','0.000','0.00',0,12,'00:02:00',10,'00:01:00',7,'00:01:00',6,'00:01:00',0,'00:00:00',0,'00:00:00','0.000','30.000','30.000','30.000','30.000','0.000','0.000','0.000','0.000','00:00:00','00:00:00','00:00:00',0,'0.00',0),
 (200,30,4,2,'00:00:00','0.000','0.00',0,8,'00:02:00',7,'00:01:00',6,'00:01:00',6,'00:01:00',0,'00:00:00',0,'00:00:00','0.000','25.000','25.000','25.000','25.000','0.000','0.000','0.000','0.000','00:00:00','00:00:00','00:00:00',0,'0.00',0),
 (201,30,5,3,'00:00:00','0.000','0.00',0,7,'00:02:00',7,'00:01:00',6,'00:01:00',5,'00:01:00',0,'00:00:00',0,'00:00:00','0.000','25.000','25.000','25.000','25.000','0.000','0.000','0.000','0.000','00:00:00','00:00:00','00:00:00',0,'0.00',0),
 (202,30,10,4,'00:00:00','0.000','0.00',0,12,'00:01:00',10,'00:01:00',9,'00:01:00',8,'00:01:00',0,'00:00:00',0,'00:00:00','0.000','8.000','8.000','8.000','8.000','0.000','0.000','0.000','0.000','00:00:00','00:00:00','00:00:00',0,'0.00',0),
 (203,30,11,5,'00:00:00','0.000','0.00',0,8,'00:01:00',8,'00:01:00',8,'00:01:00',8,'00:01:00',0,'00:00:00',0,'00:00:00','0.000','8.000','8.000','8.000','8.000','0.000','0.000','0.000','0.000','00:00:00','00:00:00','00:00:00',0,'0.00',0),
 (204,30,12,6,'00:00:00','0.000','0.00',0,12,'00:01:00',12,'00:01:00',12,'00:01:00',12,'00:01:00',0,'00:00:00',0,'00:00:00','0.000','12.000','12.000','12.000','12.000','0.000','0.000','0.000','0.000','00:00:00','00:00:00','00:00:00',0,'0.00',0),
 (205,30,13,7,'00:00:00','0.000','0.00',0,12,'00:01:00',12,'00:01:00',12,'00:01:00',11,'00:01:00',0,'00:00:00',0,'00:00:00','0.000','10.000','10.000','10.000','10.000','0.000','0.000','0.000','0.000','00:00:00','00:00:00','00:00:00',0,'0.00',0),
 (206,30,14,8,'00:00:00','0.000','0.00',0,10,'00:01:00',8,'00:01:00',6,'00:01:00',5,'00:01:00',0,'00:00:00',0,'00:00:00','0.000','15.000','15.000','15.000','15.000','0.000','0.000','0.000','0.000','00:00:00','00:00:00','00:00:00',0,'0.00',0),
 (207,30,16,9,'00:00:00','0.000','0.00',0,12,'00:01:00',12,'00:01:00',12,'00:01:00',12,'00:01:00',0,'00:00:00',0,'00:00:00','0.000','20.000','25.000','25.000','25.000','0.000','0.000','0.000','0.000','00:00:00','00:00:00','00:00:00',0,'0.00',0),
 (208,30,7,10,'00:00:00','0.000','0.00',0,20,'00:01:00',20,'00:01:00',15,'00:01:00',0,'00:00:00',0,'00:00:00',0,'00:00:00','0.000','30.000','30.000','30.000','0.000','0.000','0.000','0.000','0.000','00:00:00','00:00:00','00:00:00',0,'0.00',0),
 (209,30,9,11,'00:00:00','0.000','0.00',0,12,'00:01:00',12,'00:01:00',10,'00:01:00',0,'00:00:00',0,'00:00:00',0,'00:00:00','0.000','20.000','20.000','20.000','0.000','0.000','0.000','0.000','0.000','00:00:00','00:00:00','00:00:00',0,'0.00',0),
 (210,30,6,12,'00:00:00','0.000','0.00',0,12,'00:01:30',12,'00:01:00',12,'00:01:00',10,'00:01:00',0,'00:00:00',0,'00:00:00','0.000','60.000','70.000','70.000','70.000','0.000','0.000','0.000','0.000','00:00:00','00:00:00','00:00:00',0,'0.00',0),
 (211,30,24,13,'00:20:00','0.000','0.00',0,0,'00:00:00',0,'00:00:00',0,'00:00:00',0,'00:00:00',0,'00:00:00',0,'00:00:00','0.000','0.000','0.000','0.000','0.000','0.000','0.000','0.000','0.000','00:00:00','00:00:00','00:00:00',0,'0.00',0),
 (212,31,1,0,'00:06:00','11.000','0.00',0,0,'00:00:00',0,'00:00:00',0,'00:00:00',0,'00:00:00',0,'00:00:00',0,'00:00:00','1.050','0.000','0.000','0.000','0.000','0.000','0.000','0.000','0.000','00:00:00','00:00:00','00:00:00',0,'0.00',0),
 (213,31,42,1,'00:14:00','0.000','0.00',0,0,'00:00:00',0,'00:00:00',0,'00:00:00',0,'00:00:00',0,'00:00:00',0,'00:00:00','2.500','0.000','0.000','0.000','0.000','0.000','0.000','9.000','15.600','00:01:30','00:00:30','00:02:00',6,'0.00',270),
 (214,32,2,0,'00:07:40','12.000','0.00',17,0,'00:00:00',0,'00:00:00',0,'00:00:00',0,'00:00:00',0,'00:00:00',0,'00:00:00','1.450','0.000','0.000','0.000','0.000','0.000','0.000','0.000','0.000','00:00:00','00:00:00','00:00:00',0,'0.00',120),
 (215,32,27,1,'00:00:00','0.000','0.00',0,12,'00:02:00',10,'00:01:00',9,'00:01:00',8,'00:01:00',0,'00:00:00',0,'00:00:00','0.000','61.000','61.000','61.000','61.000','0.000','0.000','0.000','0.000','00:00:00','00:00:00','00:00:00',0,'0.00',0),
 (216,32,26,2,'00:00:00','0.000','0.00',0,12,'00:02:00',10,'00:01:00',9,'00:01:00',9,'00:01:00',0,'00:00:00',0,'00:00:00','0.000','27.500','27.500','27.500','27.500','0.000','0.000','0.000','0.000','00:00:00','00:00:00','00:00:00',0,'0.00',0),
 (217,32,25,3,'00:00:00','0.000','0.00',0,12,'00:02:00',12,'00:01:00',11,'00:01:00',10,'00:01:00',0,'00:00:00',0,'00:00:00','0.000','27.500','27.500','27.500','27.500','0.000','0.000','0.000','0.000','00:00:00','00:00:00','00:00:00',0,'0.00',0),
 (218,32,29,4,'00:00:00','0.000','0.00',0,16,'00:02:00',12,'00:01:00',12,'00:01:00',0,'00:00:00',0,'00:00:00',0,'00:00:00','0.000','10.000','10.000','10.000','0.000','0.000','0.000','0.000','0.000','00:00:00','00:00:00','00:00:00',0,'0.00',0),
 (219,32,30,5,'00:00:00','0.000','0.00',0,8,'00:02:00',6,'00:01:00',5,'00:01:00',0,'00:00:00',0,'00:00:00',0,'00:00:00','0.000','33.000','33.000','33.000','0.000','0.000','0.000','0.000','0.000','00:00:00','00:00:00','00:00:00',0,'0.00',0),
 (220,32,32,6,'00:00:00','0.000','0.00',0,12,'00:02:00',11,'00:01:00',10,'00:01:00',9,'00:01:00',0,'00:00:00',0,'00:00:00','0.000','8.000','8.000','8.000','8.000','0.000','0.000','0.000','0.000','00:00:00','00:00:00','00:00:00',0,'0.00',0),
 (221,32,33,7,'00:00:00','0.000','0.00',0,12,'00:01:00',12,'00:01:00',10,'00:01:00',10,'00:01:00',0,'00:00:00',0,'00:00:00','0.000','8.000','8.000','8.000','8.000','0.000','0.000','0.000','0.000','00:00:00','00:00:00','00:00:00',0,'0.00',0),
 (222,32,34,8,'00:00:00','0.000','0.00',0,12,'00:01:00',10,'00:01:00',9,'00:01:00',7,'00:01:00',0,'00:00:00',0,'00:00:00','0.000','20.000','20.000','20.000','20.000','0.000','0.000','0.000','0.000','00:00:00','00:00:00','00:00:00',0,'0.00',0),
 (223,32,35,9,'00:00:00','0.000','0.00',0,12,'00:01:00',7,'00:01:00',6,'00:01:00',5,'00:01:00',0,'00:00:00',0,'00:00:00','0.000','11.250','11.250','11.250','11.250','0.000','0.000','0.000','0.000','00:00:00','00:00:00','00:00:00',0,'0.00',0),
 (224,32,24,10,'00:30:00','0.000','0.00',0,0,'00:00:00',0,'00:00:00',0,'00:00:00',0,'00:00:00',0,'00:00:00',0,'00:00:00','0.000','0.000','0.000','0.000','0.000','0.000','0.000','0.000','0.000','00:00:00','00:00:00','00:00:00',0,'0.00',0),
 (225,33,1,0,'00:07:30','12.600','0.00',0,0,'00:00:00',0,'00:00:00',0,'00:00:00',0,'00:00:00',0,'00:00:00',0,'00:00:00','1.550','0.000','0.000','0.000','0.000','0.000','0.000','0.000','0.000','00:00:00','00:00:00','00:00:00',0,'0.00',0),
 (226,33,41,1,'00:36:00','0.000','0.00',14,0,'00:00:00',0,'00:00:00',0,'00:00:00',0,'00:00:00',0,'00:00:00',0,'00:00:00','14.500','0.000','0.000','0.000','0.000','0.000','0.000','0.000','0.000','00:00:00','00:00:00','00:00:00',0,'90.00',0),
 (227,33,2,2,'00:36:00','10.000','0.00',14,0,'00:00:00',0,'00:00:00',0,'00:00:00',0,'00:00:00',0,'00:00:00',0,'00:00:00','5.000','0.000','0.000','0.000','0.000','0.000','0.000','0.000','0.000','00:00:00','00:00:00','00:00:00',0,'0.00',0),
 (228,33,1,3,'00:06:00','9.600','0.00',0,0,'00:00:00',0,'00:00:00',0,'00:00:00',0,'00:00:00',0,'00:00:00',0,'00:00:00','1.000','0.000','0.000','0.000','0.000','0.000','0.000','0.000','0.000','00:00:00','00:00:00','00:00:00',0,'0.00',0),
 (229,34,2,0,'00:07:00','11.000','0.00',17,0,'00:00:00',0,'00:00:00',0,'00:00:00',0,'00:00:00',0,'00:00:00',0,'00:00:00','0.000','0.000','0.000','0.000','0.000','0.000','0.000','0.000','0.000','00:00:00','00:00:00','00:00:00',0,'0.00',0),
 (230,34,3,1,'00:00:00','0.000','0.00',0,12,'00:02:00',8,'00:01:00',7,'00:01:00',6,'00:01:00',0,'00:00:00',0,'00:00:00','0.000','60.000','60.000','60.000','60.000','0.000','0.000','0.000','0.000','00:00:00','00:00:00','00:00:00',0,'0.00',0),
 (231,34,5,2,'00:00:00','0.000','0.00',0,8,'00:02:00',6,'00:01:00',5,'00:01:00',6,'00:01:00',0,'00:00:00',0,'00:00:00','0.000','30.000','30.000','30.000','30.000','0.000','0.000','0.000','0.000','00:00:00','00:00:00','00:00:00',0,'0.00',0),
 (232,34,4,3,'00:00:00','0.000','0.00',0,69,'00:02:00',9,'00:01:00',6,'00:01:00',6,'00:01:00',0,'00:00:00',0,'00:00:00','0.000','30.000','25.000','25.000','25.000','0.000','0.000','0.000','0.000','00:00:00','00:00:00','00:00:00',0,'0.00',0),
 (233,34,6,4,'00:00:00','0.000','0.00',0,6,'00:02:00',9,'00:01:00',8,'00:01:00',7,'00:01:00',0,'00:00:00',0,'00:00:00','0.000','70.000','60.000','60.000','60.000','0.000','0.000','0.000','0.000','00:00:00','00:00:00','00:00:00',0,'0.00',0),
 (234,35,42,0,'00:18:00','0.000','0.00',0,0,'00:00:00',0,'00:00:00',0,'00:00:00',0,'00:00:00',0,'00:00:00',0,'00:00:00','3.200','0.000','0.000','0.000','0.000','0.000','0.000','15.600','9.000','00:01:30','00:00:30','00:04:00',7,'0.00',380),
 (235,35,24,1,'00:20:00','0.000','0.00',0,0,'00:00:00',0,'00:00:00',0,'00:00:00',0,'00:00:00',0,'00:00:00',0,'00:00:00','0.000','0.000','0.000','0.000','0.000','0.000','0.000','0.000','0.000','00:00:00','00:00:00','00:00:00',0,'0.00',0),
 (236,36,1,0,'00:07:15','12.600','0.00',0,0,'00:00:00',0,'00:00:00',0,'00:00:00',0,'00:00:00',0,'00:00:00',0,'00:00:00','1.500','0.000','0.000','0.000','0.000','0.000','0.000','0.000','0.000','00:00:00','00:00:00','00:00:00',0,'0.00',0),
 (237,37,42,0,'00:20:00','0.000','0.00',0,0,'00:00:00',0,'00:00:00',0,'00:00:00',0,'00:00:00',0,'00:00:00',0,'00:00:00','3.600','0.000','0.000','0.000','0.000','0.000','0.000','9.400','15.700','00:01:30','00:00:30','00:04:00',8,'0.00',400),
 (238,37,24,1,'00:24:00','0.000','0.00',0,0,'00:00:00',0,'00:00:00',0,'00:00:00',0,'00:00:00',0,'00:00:00',0,'00:00:00','0.000','0.000','0.000','0.000','0.000','0.000','0.000','0.000','0.000','00:00:00','00:00:00','00:00:00',0,'0.00',0),
 (239,36,26,1,'00:00:00','0.000','0.00',0,12,'00:02:00',12,'00:01:00',11,'00:01:00',9,'00:01:00',0,'00:00:00',0,'00:00:00','0.000','30.000','30.000','30.000','30.000','0.000','0.000','0.000','0.000','00:00:00','00:00:00','00:00:00',0,'0.00',0),
 (240,36,27,2,'00:00:00','0.000','0.00',0,10,'00:02:00',8,'00:01:00',7,'00:01:00',6,'00:01:00',0,'00:00:00',0,'00:00:00','0.000','56.500','56.500','56.500','56.500','0.000','0.000','0.000','0.000','00:00:00','00:00:00','00:00:00',0,'0.00',0),
 (241,36,25,3,'00:00:00','0.000','0.00',0,12,'00:02:00',12,'00:01:00',10,'00:01:00',9,'00:01:00',0,'00:00:00',0,'00:00:00','0.000','27.500','27.500','27.500','27.500','0.000','0.000','0.000','0.000','00:00:00','00:00:00','00:00:00',0,'0.00',0),
 (242,36,30,4,'00:00:00','0.000','0.00',0,8,'00:02:00',6,'00:01:00',5,'00:01:00',0,'00:00:00',0,'00:00:00',0,'00:00:00','0.000','40.000','40.000','40.000','0.000','0.000','0.000','0.000','0.000','00:00:00','00:00:00','00:00:00',0,'0.00',0),
 (243,36,32,5,'00:00:00','0.000','0.00',0,12,'00:02:00',11,'00:01:00',9,'00:01:00',8,'00:01:00',0,'00:00:00',0,'00:00:00','0.000','8.000','8.000','8.000','8.000','0.000','0.000','0.000','0.000','00:00:00','00:00:00','00:00:00',0,'0.00',0),
 (244,36,33,6,'00:00:00','0.000','0.00',0,12,'00:02:00',12,'00:01:00',11,'00:01:00',10,'00:01:00',0,'00:00:00',0,'00:00:00','0.000','8.000','8.000','8.000','8.000','0.000','0.000','0.000','0.000','00:00:00','00:00:00','00:00:00',0,'0.00',0),
 (245,36,34,7,'00:00:00','0.000','0.00',0,12,'00:02:00',12,'00:00:00',12,'00:01:00',12,'00:01:00',0,'00:00:00',0,'00:00:00','0.000','15.000','15.000','15.000','15.000','0.000','0.000','0.000','0.000','00:00:00','00:00:00','00:00:00',0,'0.00',0),
 (246,36,35,8,'00:00:00','0.000','0.00',0,12,'00:02:00',7,'00:01:00',5,'00:01:00',4,'00:01:00',0,'00:00:00',0,'00:00:00','0.000','11.250','11.250','11.250','11.250','0.000','0.000','0.000','0.000','00:00:00','00:00:00','00:00:00',0,'0.00',0),
 (247,36,29,9,'00:00:00','0.000','0.00',0,16,'00:02:00',13,'00:01:00',12,'00:01:00',0,'00:00:00',0,'00:00:00',0,'00:00:00','0.000','10.000','10.000','10.000','0.000','0.000','0.000','0.000','0.000','00:00:00','00:00:00','00:00:00',0,'0.00',0),
 (248,36,24,10,'00:26:00','0.000','0.00',0,0,'00:00:00',0,'00:00:00',0,'00:00:00',0,'00:00:00',0,'00:00:00',0,'00:00:00','0.000','0.000','0.000','0.000','0.000','0.000','0.000','0.000','0.000','00:00:00','00:00:00','00:00:00',0,'0.00',0),
 (249,34,10,5,'00:00:00','0.000','0.00',0,12,'00:02:00',10,'00:01:00',9,'00:01:00',8,'00:01:00',0,'00:00:00',0,'00:00:00','0.000','8.000','8.000','8.000','8.000','0.000','0.000','0.000','0.000','00:00:00','00:00:00','00:00:00',0,'0.00',0),
 (250,34,11,6,'00:00:00','0.000','0.00',0,12,'00:02:00',9,'00:01:00',8,'00:01:00',7,'00:01:00',0,'00:00:00',0,'00:00:00','0.000','8.000','8.000','8.000','8.000','0.000','0.000','0.000','0.000','00:00:00','00:00:00','00:00:00',0,'0.00',0),
 (251,34,12,7,'00:00:00','0.000','0.00',0,12,'00:01:00',12,'00:01:00',12,'00:01:00',12,'00:01:00',0,'00:00:00',0,'00:00:00','0.000','12.000','12.000','12.000','12.000','0.000','0.000','0.000','0.000','00:00:00','00:00:00','00:00:00',0,'0.00',0),
 (252,34,13,8,'00:00:00','0.000','0.00',0,12,'00:01:00',12,'00:01:00',11,'00:01:00',10,'00:01:00',0,'00:00:00',0,'00:00:00','0.000','10.000','10.000','10.000','10.000','0.000','0.000','0.000','0.000','00:00:00','00:00:00','00:00:00',0,'0.00',0),
 (253,34,15,9,'00:00:00','0.000','0.00',0,8,'00:01:00',6,'00:01:00',5,'00:01:00',4,'00:01:00',0,'00:00:00',0,'00:00:00','0.000','15.000','15.000','15.000','15.000','0.000','0.000','0.000','0.000','00:00:00','00:00:00','00:00:00',0,'0.00',0),
 (254,34,16,10,'00:00:00','0.000','0.00',0,12,'00:01:00',12,'00:01:00',12,'00:01:00',12,'00:01:00',0,'00:00:00',0,'00:00:00','0.000','20.000','20.000','20.000','20.000','0.000','0.000','0.000','0.000','00:00:00','00:00:00','00:00:00',0,'0.00',0),
 (255,34,24,11,'00:10:00','0.000','0.00',0,0,'00:00:00',0,'00:00:00',0,'00:00:00',0,'00:00:00',0,'00:00:00',0,'00:00:00','0.000','0.000','0.000','0.000','0.000','0.000','0.000','0.000','0.000','00:00:00','00:00:00','00:00:00',0,'0.00',0);
/*!40000 ALTER TABLE `workout_exercise` ENABLE KEYS */;


--
-- Definition of table `workout_exercise_type`
--

DROP TABLE IF EXISTS `workout_exercise_type`;
CREATE TABLE `workout_exercise_type` (
  `type_id` int(10) unsigned NOT NULL AUTO_INCREMENT,
  `name` varchar(255) NOT NULL,
  `img` text,
  `description` text,
  `group_id` int(10) unsigned DEFAULT '0',
  `form_type` int(10) unsigned DEFAULT '0',
  PRIMARY KEY (`type_id`)
) ENGINE=InnoDB AUTO_INCREMENT=43 DEFAULT CHARSET=latin1;

--
-- Dumping data for table `workout_exercise_type`
--

/*!40000 ALTER TABLE `workout_exercise_type` DISABLE KEYS */;
INSERT INTO `workout_exercise_type` (`type_id`,`name`,`img`,`description`,`group_id`,`form_type`) VALUES 
 (1,'running','','bieg',0,0),
 (2,'orbitrek','','orbitrek',0,3),
 (3,'barbell bench press (machine)','','',0,1),
 (4,'barbell incline bench press (machine)','','',0,1),
 (5,'barbell decline bench press (machine)','','',0,1),
 (6,'butterfly','','',0,1),
 (7,'ab crunch (machine)','','',0,1),
 (8,'air bike','','',0,1),
 (9,'standard ab bench','','',0,1),
 (10,'lateral dumbbell raise','','',0,1),
 (11,'front dumbbell raise','','',0,1),
 (12,'dumbbell shrugs','','',0,1),
 (13,'dumbbell shoulder press','','',0,1),
 (14,'upper dumbbell raise','','',0,1),
 (15,'upper barbell raise','','',0,1),
 (16,'barbell shrugs behind back','','',0,1),
 (17,'lateral dumbell raise (machine)','','',0,1),
 (18,'standing leg curl (machine)','','',0,1),
 (19,'leg extensions (machine)',NULL,NULL,0,1),
 (20,'Calf Press On The Leg Press Machine ',NULL,NULL,0,1),
 (21,'Leg Press ',NULL,NULL,0,1),
 (22,'Thigh Abductor ',NULL,NULL,0,1),
 (23,'Thigh Adductor ',NULL,NULL,0,1),
 (24,'stretching',NULL,NULL,0,4),
 (25,'Leverage High Row ',NULL,NULL,0,1),
 (26,'Leverage Iso Row ',NULL,NULL,0,1),
 (27,'Close-Grip Front Lat Pulldown ',NULL,'',0,1),
 (28,'calf extensions',NULL,NULL,0,1),
 (29,'back extensions',NULL,NULL,0,1),
 (30,'Gironda Sternum Chins',NULL,NULL,0,1),
 (31,'back hyperextensions',NULL,NULL,0,1),
 (32,'Alternate Dumbbell Curl',NULL,NULL,0,1),
 (33,'Tricep Dumbbell Kickback',NULL,NULL,0,1),
 (34,'Barbell Curls',NULL,NULL,0,1),
 (35,'Cable One-arm Tricep Extension',NULL,NULL,0,1),
 (36,'Alternate Hammer Curls',NULL,NULL,0,1),
 (37,'Bench Dips',NULL,NULL,0,1),
 (38,'Concentration biceps curls',NULL,NULL,0,1),
 (39,'Decline Dumbbell Tricep Extension',NULL,NULL,0,1),
 (40,'triceps extensions (machine)',NULL,NULL,0,1),
 (41,'bike',NULL,NULL,0,5),
 (42,'hiit - running',NULL,NULL,0,2);
/*!40000 ALTER TABLE `workout_exercise_type` ENABLE KEYS */;




/*!40101 SET SQL_MODE=@OLD_SQL_MODE */;
/*!40014 SET FOREIGN_KEY_CHECKS=@OLD_FOREIGN_KEY_CHECKS */;
/*!40014 SET UNIQUE_CHECKS=@OLD_UNIQUE_CHECKS */;
/*!40101 SET CHARACTER_SET_CLIENT=@OLD_CHARACTER_SET_CLIENT */;
/*!40101 SET CHARACTER_SET_RESULTS=@OLD_CHARACTER_SET_RESULTS */;
/*!40101 SET COLLATION_CONNECTION=@OLD_COLLATION_CONNECTION */;
/*!40101 SET CHARACTER_SET_CLIENT=@OLD_CHARACTER_SET_CLIENT */;
